{"train/top10acc_cb3":0.6536658490051785,"train/data_time":0.0005314350128173828,"train/top10acc":0.6618833469610248,"_step":55210,"train/lr":5.5209e-06,"_wandb":{"runtime":495411},"train/loss":4.512048795652767,"_runtime":495411.80476457,"val/top10acc_cb1":0.6795161962509155,"val/top10acc_cb3":0.632935643196106,"train/ntokens":146760,"val/top10acc":0.6412471532821655,"train/top10acc_cb2":0.6843826655764513,"val/top10acc_cb2":0.6618921160697937,"train/total_step":"55200/1000000","_timestamp":1.7449782655328956e+09,"val/loss":4.6455817222595215,"train/train_time":8.238454818725586,"train/top10acc_cb4":0.6031616277478963,"train/top10acc_cb1":0.7063232488416462,"val/top10acc_cb4":0.5906445980072021,"train/cur_epoch":"136"}