{"_step":7740,"val/top10acc":0.568602442741394,"train/top10acc_cb4":0.6195489466359521,"train/top10acc":0.6823166640862879,"train/top10acc_cb2":0.6973989781699954,"_runtime":67811.918887818,"train/ntokens":155016,"val/top10acc_cb2":0.5942078828811646,"val/top10acc_cb3":0.55743408203125,"train/top10acc_cb1":0.7404138927594571,"train/data_time":0.00044274330139160156,"val/loss":5.362916946411133,"_wandb":{"runtime":67811},"train/loss":4.286910554797569,"val/top10acc_cb1":0.61957186460495,"train/train_time":8.405518531799316,"_timestamp":1.7460908596681886e+09,"train/cur_epoch":"156","val/top10acc_cb4":0.5031960010528564,"train/lr":9.391333333333334e-06,"train/top10acc_cb3":0.6719048356298705,"train/total_step":"7600/50000"}